id,name,title,department
1,8hv,38n,YyE
2,Sp2,h7Y,pYT
3,BuE,xg1,m3k
4,j3l,nzf,0u0
5,AI6,fAI,s5l
6,YGb,7mD,Fq2
7,x8B,guJ,qNH
8,Gyt,VXq,aUO
9,j4n,LSZ,1y7
10,vEY,Q7q,a9y
11,i4o,xFb,aiZ
12,zTz,JVd,poB
13,UPU,qSB,0H6
14,VhO,vU9,2xT
15,nV1,y99,vVj
16,0i0,yS0,fGn
17,wvw,eww,9gf
18,ALl,ayR,XFh
19,x1V,dgn,hTx
20,JRj,xEp,mCo
21,osj,4ss,x5f
22,sq6,aWd,7cv
23,HE8,cCg,aOw
24,7q5,57b,PQo
25,DDX,QXd,VDb
26,99d,8Uj,xLS
27,DF0,To6,quY
28,Ezm,dFa,SzF
29,dXZ,NcL,fyG
30,IZv,qpi,mqc
31,K19,2AS,n5e
32,uzE,jHT,krP
33,PmZ,bGz,xR5
34,ays,Bw3,ecK
35,5aS,jG7,iuP
36,Xd5,oUH,aZm
37,aMT,Sb9,mke
38,L27,Hih,W3i
39,DJl,lwV,Y2N
40,D8l,Abu,9Aa
41,q43,i7c,5yA
42,lZX,Ht9,Z7N
43,R6B,usi,BIr
44,3Nx,bJK,IXE
45,KHt,jLa,gTL
46,gzg,gum,N4k
47,p2l,no0,7P6
48,gh7,slq,7vZ
49,thh,Gqj,U9N
50,gFG,L3v,r8t
51,sj1,RFV,PGb
52,yS4,wAU,27z
53,1RH,EUA,DG4
54,7ts,OmA,xMS
55,cTy,kQl,V3x
56,uOC,aXf,pcZ
57,1cp,76L,6ak
58,2cX,h7E,KPQ
59,vqR,xlh,YQP
60,rGK,8LB,M98
61,aHa,Hqv,A7P
62,Lqd,OTr,t9K
63,q6Y,fAH,4g3
64,Zuz,E5X,JZx
65,Wjp,CKr,fGj
66,6cN,ZCn,1ZZ
67,nRU,pLo,vxX
68,fga,AYH,7o2
69,73a,lEJ,aj3
70,CPm,gip,gF7
71,mlj,u1n,V4y
72,ko8,Edz,WRc
73,HEF,Wey,j7X
74,eN8,4KR,qnf
75,F98,G3m,u7r
76,VCm,kqo,dMM
77,0UA,m3e,eTG
78,gjt,51r,9E8
79,jj1,4qq,XGp
80,AJj,xu3,PlK
81,e36,aKE,enj
82,m4x,4mN,7EK
83,v47,GI1,j7b
84,gyc,MNw,YH2
85,QIk,hcS,MCD
86,xTh,6ne,9aJ
87,UeQ,KZt,5U5
88,FF9,OjM,sds
89,Lxy,a31,hUx
90,ZrZ,Gf8,3Wh
91,iM1,Y2o,AGB
92,Dlw,ZJh,QYE
93,dAt,ZNi,X9X
94,crb,Hpp,9bM
95,HxR,eSR,y9p
96,1Yt,ioH,EDs
97,osh,SaW,v1B
98,S7V,fQA,C4s
99,AxN,a5u,1AB
