id,name,title,department,count,latest,earliest
61,aHa,Hqv,A7P,4,1970-02-08T06:34:16,1970-01-17T13:29:47
7,x8B,guJ,qNH,5,1970-02-20T08:51:23,1970-01-06T11:22:04
45,KHt,jLa,gTL,5,1970-02-21T11:56:42,1970-01-02T15:00:10
56,uOC,aXf,pcZ,5,1970-02-20T12:35:13,1970-01-04T15:22:33
90,ZrZ,Gf8,3Wh,5,1970-02-17T14:03:23,1970-01-08T17:17:14
11,i4o,xFb,aiZ,6,1970-02-24T23:20:59,1970-01-11T21:48:07
19,x1V,dgn,hTx,6,1970-02-26T09:14:14,1970-01-19T22:56:39
37,aMT,Sb9,mke,6,1970-02-18T09:13:06,1970-01-06T08:08:21
95,HxR,eSR,y9p,6,1970-02-28T08:18:28,1970-01-02T04:54:09
3,BuE,xg1,m3k,7,1970-02-24T19:09:34,1970-02-02T07:24:12
13,UPU,qSB,0H6,7,1970-02-27T00:00:09,1970-01-14T10:27:52
24,7q5,57b,PQo,7,1970-02-20T18:21:03,1970-01-06T20:45:13
31,K19,2AS,n5e,7,1970-03-01T04:14:37,1970-01-16T13:25:17
43,R6B,usi,BIr,7,1970-02-26T02:38:14,1970-01-07T10:58:10
48,gh7,slq,7vZ,7,1970-02-27T07:57:14,1970-01-01T13:33:36
50,gFG,L3v,r8t,7,1970-02-20T17:31:28,1970-01-01T22:26:49
74,eN8,4KR,qnf,7,1970-02-14T01:20:17,1970-01-04T11:24:20
76,VCm,kqo,dMM,7,1970-02-23T06:02:46,1970-01-03T02:47:23
17,wvw,eww,9gf,8,1970-03-01T06:38:38,1970-01-05T04:44:10
18,ALl,ayR,XFh,8,1970-02-23T02:02:37,1970-01-06T07:42:00
21,osj,4ss,x5f,8,1970-02-27T10:40:12,1970-01-12T12:00:29
22,sq6,aWd,7cv,8,1970-02-24T00:44:04,1970-01-11T08:13:00
25,DDX,QXd,VDb,8,1970-02-25T02:01:43,1970-01-05T23:52:03
32,uzE,jHT,krP,8,1970-02-27T04:41:41,1970-01-03T20:34:23
33,PmZ,bGz,xR5,8,1970-02-27T14:46:58,1970-01-11T04:27:06
44,3Nx,bJK,IXE,8,1970-02-28T08:42:01,1970-01-15T18:31:44
59,vqR,xlh,YQP,8,1970-02-25T20:43:20,1970-01-08T14:36:22
60,rGK,8LB,M98,8,1970-02-28T12:42:16,1970-01-07T08:44:42
68,fga,AYH,7o2,8,1970-02-24T21:43:14,1970-01-21T22:59:33
70,CPm,gip,gF7,8,1970-02-21T10:30:49,1970-01-04T22:20:49
80,AJj,xu3,PlK,8,1970-02-23T09:49:57,1970-01-02T10:15:52
86,xTh,6ne,9aJ,8,1970-02-27T21:24:22,1970-01-17T17:33:22
94,crb,Hpp,9bM,8,1970-02-22T00:00:54,1970-01-07T04:15:26
98,S7V,fQA,C4s,8,1970-02-27T16:30:18,1970-01-08T11:53:41
1,8hv,38n,YyE,9,1970-02-15T01:08:44,1970-01-08T01:04:29
8,Gyt,VXq,aUO,9,1970-02-28T07:05:11,1970-01-08T07:21:07
9,j4n,LSZ,1y7,9,1970-02-17T04:16:23,1970-01-05T10:59:34
10,vEY,Q7q,a9y,9,1970-03-01T15:51:13,1970-01-13T11:38:38
16,0i0,yS0,fGn,9,1970-02-20T21:27:44,1970-01-04T02:12:09
26,99d,8Uj,xLS,9,1970-02-25T02:38:39,1970-01-03T09:54:57
29,dXZ,NcL,fyG,9,1970-02-20T02:11:55,1970-01-02T01:27:08
49,thh,Gqj,U9N,9,1970-02-18T04:02:35,1970-01-07T16:39:49
55,cTy,kQl,V3x,9,1970-03-01T05:10:08,1970-01-01T20:13:57
99,AxN,a5u,1AB,9,1970-02-28T09:55:52,1970-01-02T09:08:06
14,VhO,vU9,2xT,10,1970-02-21T08:02:10,1970-01-09T10:47:01
20,JRj,xEp,mCo,10,1970-02-03T18:16:35,1970-01-02T18:36:01
30,IZv,qpi,mqc,10,1970-02-28T19:47:52,1970-01-16T10:50:30
35,5aS,jG7,iuP,10,1970-02-21T21:25:21,1970-01-04T04:02:03
51,sj1,RFV,PGb,10,1970-02-16T13:56:31,1970-01-01T22:52:07
58,2cX,h7E,KPQ,10,1970-02-26T06:07:38,1970-01-01T17:09:12
62,Lqd,OTr,t9K,10,1970-02-18T20:47:06,1970-01-07T21:39:44
64,Zuz,E5X,JZx,10,1970-02-27T13:33:38,1970-01-02T11:05:49
67,nRU,pLo,vxX,10,1970-02-19T02:44:12,1970-01-10T17:23:39
69,73a,lEJ,aj3,10,1970-02-26T10:35:04,1970-01-02T13:27:57
88,FF9,OjM,sds,10,1970-02-26T13:59:23,1970-01-25T02:06:35
96,1Yt,ioH,EDs,10,1970-02-25T23:18:39,1970-01-03T18:22:09
6,YGb,7mD,Fq2,11,1970-02-26T04:15:20,1970-01-08T05:58:58
41,q43,i7c,5yA,11,1970-02-26T10:33:41,1970-01-03T05:15:51
47,p2l,no0,7P6,11,1970-02-25T18:15:01,1970-01-06T18:03:56
52,yS4,wAU,27z,11,1970-02-27T08:23:47,1970-01-14T17:09:58
57,1cp,76L,6ak,11,1970-02-26T09:22:52,1970-01-02T00:58:53
66,6cN,ZCn,1ZZ,11,1970-02-28T06:16:44,1970-01-11T03:59:22
77,0UA,m3e,eTG,11,1970-02-28T14:18:26,1970-01-03T21:05:23
79,jj1,4qq,XGp,11,1970-02-24T07:04:15,1970-01-05T08:39:33
81,e36,aKE,enj,11,1970-02-26T00:05:07,1970-01-03T01:07:19
91,iM1,Y2o,AGB,11,1970-03-01T01:47:12,1970-01-03T15:04:35
97,osh,SaW,v1B,11,1970-02-28T12:49:38,1970-01-08T22:55:54
23,HE8,cCg,aOw,12,1970-02-28T17:47:47,1970-01-11T02:20:38
39,DJl,lwV,Y2N,12,1970-02-20T08:31:31,1970-01-08T01:41:22
40,D8l,Abu,9Aa,12,1970-02-28T22:03:30,1970-01-02T03:36:34
46,gzg,gum,N4k,12,1970-02-25T12:07:07,1970-01-02T21:04:22
65,Wjp,CKr,fGj,12,1970-03-01T15:02:02,1970-01-01T08:06:53
71,mlj,u1n,V4y,12,1970-02-23T14:02:56,1970-01-04T00:18:48
72,ko8,Edz,WRc,12,1970-02-25T19:21:19,1970-01-08T04:04:08
73,HEF,Wey,j7X,12,1970-02-22T05:50:30,1970-01-09T23:39:08
75,F98,G3m,u7r,12,1970-02-25T09:54:22,1970-01-01T11:10:53
82,m4x,4mN,7EK,12,1970-02-11T07:33:28,1970-01-07T01:14:39
89,Lxy,a31,hUx,12,1970-03-01T11:34:51,1970-01-04T17:20:09
93,dAt,ZNi,X9X,12,1970-02-24T05:04:35,1970-01-09T17:34:46
2,Sp2,h7Y,pYT,13,1970-02-25T10:27:01,1970-01-07T23:21:03
4,j3l,nzf,0u0,13,1970-02-26T06:46:28,1970-01-04T06:41:57
28,Ezm,dFa,SzF,13,1970-02-26T23:53:37,1970-01-05T14:20:27
78,gjt,51r,9E8,13,1970-02-20T10:53:31,1970-01-06T11:00:26
84,gyc,MNw,YH2,13,1970-02-23T12:29:30,1970-01-03T12:45:51
85,QIk,hcS,MCD,13,1970-02-22T12:17:06,1970-01-02T04:58:07
5,AI6,fAI,s5l,14,1970-02-28T04:21:49,1970-01-01T08:34:28
15,nV1,y99,vVj,14,1970-02-24T15:08:32,1970-01-07T13:44:41
34,ays,Bw3,ecK,14,1970-03-01T09:50:58,1970-01-02T15:37:01
42,lZX,Ht9,Z7N,14,1970-02-28T17:35:20,1970-01-12T13:16:33
54,7ts,OmA,xMS,14,1970-03-01T15:06:18,1970-01-02T16:40:07
63,q6Y,fAH,4g3,14,1970-02-24T04:43:07,1970-01-05T00:23:13
83,v47,GI1,j7b,14,1970-02-23T20:47:27,1970-01-01T15:45:19
38,L27,Hih,W3i,15,1970-02-28T12:53:39,1970-01-07T19:20:09
92,Dlw,ZJh,QYE,15,1970-02-28T10:53:35,1970-01-04T06:48:04
12,zTz,JVd,poB,16,1970-02-27T10:37:03,1970-01-04T16:50:52
27,DF0,To6,quY,16,1970-02-12T18:06:15,1970-01-03T11:20:32
36,Xd5,oUH,aZm,16,1970-02-17T10:19:34,1970-01-02T06:04:06
53,1RH,EUA,DG4,16,1970-03-01T07:22:52,1970-01-06T02:49:13
87,UeQ,KZt,5U5,16,1970-02-25T07:27:35,1970-01-02T21:55:40
